"id_tiempo","fecha","anio","mes","dia"
10119,"01/01/19",2019,Enero,Martes
10120,"01/01/20",2020,Enero,Miércoles
10121,"01/01/21",2021,Enero,Viernes
10219,"01/02/19",2019,Febrero,Viernes
10220,"01/02/20",2020,Febrero,Sábado
10221,"01/02/21",2021,Febrero,Lunes
10319,"01/03/19",2019,Marzo,Viernes
10320,"01/03/20",2020,Marzo,Domingo
10321,"01/03/21",2021,Marzo,Lunes
10419,"01/04/19",2019,Abril,Lunes
10420,"01/04/20",2020,Abril,Miércoles
10421,"01/04/21",2021,Abril,Jueves
10519,"01/05/19",2019,Mayo,Miércoles
10520,"01/05/20",2020,Mayo,Viernes
10521,"01/05/21",2021,Mayo,Sábado
10619,"01/06/19",2019,Junio,Sábado
10620,"01/06/20",2020,Junio,Lunes
10621,"01/06/21",2021,Junio,Martes
10719,"01/07/19",2019,Julio,Lunes
10720,"01/07/20",2020,Julio,Miércoles
10721,"01/07/21",2021,Julio,Jueves
10819,"01/08/19",2019,Agosto,Jueves
10820,"01/08/20",2020,Agosto,Sábado
10821,"01/08/21",2021,Agosto,Domingo
10919,"01/09/19",2019,Septiembre,Domingo
10920,"01/09/20",2020,Septiembre,Martes
10921,"01/09/21",2021,Septiembre,Miércoles
11019,"01/10/19",2019,Octubre,Martes
11020,"01/10/20",2020,Octubre,Jueves
11021,"01/10/21",2021,Octubre,Viernes
11119,"01/11/19",2019,Noviembre,Viernes
11120,"01/11/20",2020,Noviembre,Domingo
11121,"01/11/21",2021,Noviembre,Lunes
11219,"01/12/19",2019,Diciembre,Domingo
11220,"01/12/20",2020,Diciembre,Martes
11221,"01/12/21",2021,Diciembre,Miércoles
20119,"02/01/19",2019,Enero,Miércoles
20120,"02/01/20",2020,Enero,Jueves
20121,"02/01/21",2021,Enero,Sábado
20219,"02/02/19",2019,Febrero,Sábado
20220,"02/02/20",2020,Febrero,Domingo
20221,"02/02/21",2021,Febrero,Martes
20319,"02/03/19",2019,Marzo,Sábado
20320,"02/03/20",2020,Marzo,Lunes
20321,"02/03/21",2021,Marzo,Martes
20419,"02/04/19",2019,Abril,Martes
20420,"02/04/20",2020,Abril,Jueves
20421,"02/04/21",2021,Abril,Viernes
20519,"02/05/19",2019,Mayo,Jueves
20520,"02/05/20",2020,Mayo,Sábado
20521,"02/05/21",2021,Mayo,Domingo
20619,"02/06/19",2019,Junio,Domingo
20620,"02/06/20",2020,Junio,Martes
20621,"02/06/21",2021,Junio,Miércoles
20719,"02/07/19",2019,Julio,Martes
20720,"02/07/20",2020,Julio,Jueves
20721,"02/07/21",2021,Julio,Viernes
20819,"02/08/19",2019,Agosto,Viernes
20820,"02/08/20",2020,Agosto,Domingo
20821,"02/08/21",2021,Agosto,Lunes
20919,"02/09/19",2019,Septiembre,Lunes
20920,"02/09/20",2020,Septiembre,Miércoles
20921,"02/09/21",2021,Septiembre,Jueves
21019,"02/10/19",2019,Octubre,Miércoles
21020,"02/10/20",2020,Octubre,Viernes
21021,"02/10/21",2021,Octubre,Sábado
21119,"02/11/19",2019,Noviembre,Sábado
21120,"02/11/20",2020,Noviembre,Lunes
21121,"02/11/21",2021,Noviembre,Martes
21219,"02/12/19",2019,Diciembre,Lunes
21220,"02/12/20",2020,Diciembre,Miércoles
21221,"02/12/21",2021,Diciembre,Jueves
30119,"03/01/19",2019,Enero,Jueves
30120,"03/01/20",2020,Enero,Viernes
30121,"03/01/21",2021,Enero,Domingo
30219,"03/02/19",2019,Febrero,Domingo
30220,"03/02/20",2020,Febrero,Lunes
30221,"03/02/21",2021,Febrero,Miércoles
30319,"03/03/19",2019,Marzo,Domingo
30320,"03/03/20",2020,Marzo,Martes
30321,"03/03/21",2021,Marzo,Miércoles
30419,"03/04/19",2019,Abril,Miércoles
30420,"03/04/20",2020,Abril,Viernes
30421,"03/04/21",2021,Abril,Sábado
30519,"03/05/19",2019,Mayo,Viernes
30520,"03/05/20",2020,Mayo,Domingo
30521,"03/05/21",2021,Mayo,Lunes
30619,"03/06/19",2019,Junio,Lunes
30620,"03/06/20",2020,Junio,Miércoles
30621,"03/06/21",2021,Junio,Jueves
30719,"03/07/19",2019,Julio,Miércoles
30720,"03/07/20",2020,Julio,Viernes
30721,"03/07/21",2021,Julio,Sábado
30819,"03/08/19",2019,Agosto,Sábado
30820,"03/08/20",2020,Agosto,Lunes
30821,"03/08/21",2021,Agosto,Martes
30919,"03/09/19",2019,Septiembre,Martes
30920,"03/09/20",2020,Septiembre,Jueves
30921,"03/09/21",2021,Septiembre,Viernes
31019,"03/10/19",2019,Octubre,Jueves
31020,"03/10/20",2020,Octubre,Sábado
31021,"03/10/21",2021,Octubre,domingo
31119,"03/11/19",2019,Noviembre,Domingo
31120,"03/11/20",2020,Noviembre,Martes
31121,"03/11/21",2021,Noviembre,Miércoles
31219,"03/12/19",2019,Diciembre,Martes
31220,"03/12/20",2020,Diciembre,Jueves
31220,"03/12/20",2020,Diciembre,Martes
31221,"03/12/21",2021,Diciembre,Viernes
40119,"04/01/19",2019,Enero,Viernes
40120,"04/01/20",2020,Enero,Sábado
40121,"04/01/21",2021,Enero,Lunes
40219,"04/02/19",2019,Febrero,Lunes
40220,"04/02/20",2020,Febrero,Martes
40221,"04/02/21",2021,Febrero,Jueves
40319,"04/03/19",2019,Marzo,Lunes
40320,"04/03/20",2020,Marzo,Miércoles
40321,"04/03/21",2021,Marzo,Jueves
40419,"04/04/19",2019,Abril,Jueves
40420,"04/04/20",2020,Abril,Sábado
40421,"04/04/21",2021,Abril,domingo
40519,"04/05/19",2019,Mayo,Sábado
40520,"04/05/20",2020,Mayo,Lunes
40521,"04/05/21",2021,Mayo,Martes
40619,"04/06/19",2019,Junio,Martes
40620,"04/06/20",2020,Junio,Jueves
40621,"04/06/21",2021,Junio,Viernes
40719,"04/07/19",2019,Julio,Jueves
40720,"04/07/20",2020,Julio,Sábado
40721,"04/07/21",2021,Julio,Domingo
40819,"04/08/19",2019,Agosto,Domingo
40820,"04/08/20",2020,Agosto,Martes
40821,"04/08/21",2021,Agosto,Miércoles
40919,"04/09/19",2019,Septiembre,Miércoles
40920,"04/09/20",2020,Septiembre,Viernes
40921,"04/09/21",2021,Septiembre,Sábado
41019,"04/10/19",2019,Octubre,Viernes
41020,"04/10/20",2020,Octubre,Domingo
41021,"04/10/21",2021,Octubre,Lunes
41119,"04/11/19",2019,Noviembre,Lunes
41120,"04/11/20",2020,Noviembre,Miércoles
41121,"04/11/21",2021,Noviembre,jueves
41219,"04/12/19",2019,Diciembre,Miércoles
41220,"04/12/20",2020,Diciembre,Viernes
41221,"04/12/21",2021,Diciembre,Sábado
50119,"05/01/19",2019,Enero,Sábado
50120,"05/01/20",2020,Enero,Domingo
50121,"05/01/21",2021,Enero,Martes
50219,"05/02/19",2019,Febrero,Martes
50220,"05/02/20",2020,Febrero,Miércoles
50221,"05/02/21",2021,Febrero,Viernes
50319,"05/03/19",2019,Marzo,Martes
50320,"05/03/20",2020,Marzo,Jueves
50321,"05/03/21",2021,Marzo,Viernes
50419,"05/04/19",2019,Abril,Viernes
50420,"05/04/20",2020,Abril,Domingo
50421,"05/04/21",2021,Abril,lunes
50519,"05/05/19",2019,Mayo,Domingo
50520,"05/05/20",2020,Mayo,Martes
50521,"05/05/21",2021,Mayo,Miércoles
50619,"05/06/19",2019,Junio,Miércoles
50620,"05/06/20",2020,Junio,Viernes
50621,"05/06/21",2021,Junio,Sábado
50719,"05/07/19",2019,Julio,Viernes
50720,"05/07/20",2020,Julio,Domingo
50721,"05/07/21",2021,Julio,lunes
50819,"05/08/19",2019,Agosto,Lunes
50820,"05/08/20",2020,Agosto,Miércoles
50821,"05/08/21",2021,Agosto,Jueves
50919,"05/09/19",2019,Septiembre,Jueves
50920,"05/09/20",2020,Septiembre,Sábado
50921,"05/09/21",2021,Septiembre,Domingo
51019,"05/10/19",2019,Octubre,Sábado
51020,"05/10/20",2020,Octubre,Lunes
51021,"05/10/21",2021,Octubre,Martes
51119,"05/11/19",2019,Noviembre,Martes
51120,"05/11/20",2020,Noviembre,Jueves
51121,"05/11/21",2021,Noviembre,Viernes
51219,"05/12/19",2019,Diciembre,Jueves
51220,"05/12/20",2020,Diciembre,Jueves
51220,"05/12/20",2020,Diciembre,Sábado
51221,"05/12/21",2021,Diciembre,domingo
60119,"06/01/19",2019,Enero,Domingo
60120,"06/01/20",2020,Enero,Lunes
60121,"06/01/21",2021,Enero,Miércoles
60219,"06/02/19",2019,Febrero,Miércoles
60220,"06/02/20",2020,Febrero,Jueves
60221,"06/02/21",2021,Febrero,Sábado
60319,"06/03/19",2019,Marzo,Miércoles
60320,"06/03/20",2020,Marzo,Viernes
60321,"06/03/21",2021,Marzo,Sábado
60419,"06/04/19",2019,Abril,Sábado
60420,"06/04/20",2020,Abril,Lunes
60421,"06/04/21",2021,Abril,martes
60519,"06/05/19",2019,Mayo,Lunes
60520,"06/05/20",2020,Mayo,Miércoles
60521,"06/05/21",2021,Mayo,Jueves
60619,"06/06/19",2019,Junio,Jueves
60620,"06/06/20",2020,Junio,Sábado
60621,"06/06/21",2021,Junio,Domingo
60719,"06/07/19",2019,Julio,Sábado
60720,"06/07/20",2020,Julio,Lunes
60721,"06/07/21",2021,Julio,Martes
60819,"06/08/19",2019,Agosto,Martes
60820,"06/08/20",2020,Agosto,Jueves
60821,"06/08/21",2021,Agosto,Viernes
60919,"06/09/19",2019,Septiembre,Viernes
60920,"06/09/20",2020,Septiembre,Domingo
60921,"06/09/21",2021,Septiembre,Lunes
61019,"06/10/19",2019,Octubre,Domingo
61020,"06/10/20",2020,Octubre,Martes
61021,"06/10/21",2021,Octubre,Miércoles
61119,"06/11/19",2019,Noviembre,Miércoles
61120,"06/11/20",2020,Noviembre,Viernes
61121,"06/11/21",2021,Noviembre,Sábado
61219,"06/12/19",2019,Diciembre,Viernes
61220,"06/12/20",2020,Diciembre,Domingo
61221,"06/12/21",2021,Diciembre,Lunes
70119,"07/01/19",2019,Enero,Lunes
70120,"07/01/20",2020,Enero,Martes
70121,"07/01/21",2021,Enero,Jueves
70219,"07/02/19",2019,Febrero,Jueves
70220,"07/02/20",2020,Febrero,Viernes
70221,"07/02/21",2021,Febrero,domingo
70319,"07/03/19",2019,Marzo,Jueves
70320,"07/03/20",2020,Marzo,Sábado
70321,"07/03/21",2021,Marzo,Domingo
70419,"07/04/19",2019,Abril,Domingo
70420,"07/04/20",2020,Abril,Martes
70421,"07/04/21",2021,Abril,Miércoles
70519,"07/05/19",2019,Mayo,Martes
70520,"07/05/20",2020,Mayo,Jueves
70521,"07/05/21",2021,Mayo,Viernes
70619,"07/06/19",2019,Junio,Viernes
70620,"07/06/20",2020,Junio,Domingo
70621,"07/06/21",2021,Junio,Lunes
70719,"07/07/19",2019,Julio,Domingo
70720,"07/07/20",2020,Julio,Martes
70721,"07/07/21",2021,Julio,Miércoles
70819,"07/08/19",2019,Agosto,Miércoles
70820,"07/08/20",2020,Agosto,Viernes
70821,"07/08/21",2021,Agosto,Sábado
70919,"07/09/19",2019,Septiembre,Sábado
70920,"07/09/20",2020,Septiembre,Lunes
70921,"07/09/21",2021,Septiembre,Martes
71019,"07/10/19",2019,Octubre,Lunes
71020,"07/10/20",2020,Octubre,Miércoles
71021,"07/10/21",2021,Octubre,Jueves
71119,"07/11/19",2019,Noviembre,Jueves
71120,"07/11/20",2020,Noviembre,Sábado
71121,"07/11/21",2021,Noviembre,Domingo
71219,"07/12/19",2019,Diciembre,Sábado
71220,"07/12/20",2020,Diciembre,Lunes
71220,"07/12/20",2020,Diciembre,Sábado
71221,"07/12/21",2021,Diciembre,martes
80119,"08/01/19",2019,Enero,Martes
80120,"08/01/20",2020,Enero,Miércoles
80121,"08/01/21",2021,Enero,Viernes
80219,"08/02/19",2019,Febrero,Viernes
80220,"08/02/20",2020,Febrero,Sábado
80221,"08/02/21",2021,Febrero,lunes
80319,"08/03/19",2019,Marzo,Viernes
80320,"08/03/20",2020,Marzo,Domingo
80321,"08/03/21",2021,Marzo,Lunes
80419,"08/04/19",2019,Abril,Lunes
80420,"08/04/20",2020,Abril,Miércoles
80421,"08/04/21",2021,Abril,jueves
80519,"08/05/19",2019,Mayo,Miércoles
80520,"08/05/20",2020,Mayo,Viernes
80521,"08/05/21",2021,Mayo,Sábado
80619,"08/06/19",2019,Junio,Sábado
80620,"08/06/20",2020,Junio,Lunes
80621,"08/06/21",2021,Junio,Martes
80719,"08/07/19",2019,Julio,Lunes
80720,"08/07/20",2020,Julio,Miércoles
80721,"08/07/21",2021,Julio,Jueves
80819,"08/08/19",2019,Agosto,Jueves
80820,"08/08/20",2020,Agosto,Sábado
80821,"08/08/21",2021,Agosto,Domingo
80919,"08/09/19",2019,Septiembre,Domingo
80920,"08/09/20",2020,Septiembre,Martes
80921,"08/09/21",2021,Septiembre,Miércoles
81019,"08/10/19",2019,Octubre,Martes
81020,"08/10/20",2020,Octubre,Jueves
81021,"08/10/21",2021,Octubre,Viernes
81119,"08/11/19",2019,Noviembre,Viernes
81120,"08/11/20",2020,Noviembre,Domingo
81121,"08/11/21",2021,Noviembre,lunes
81219,"08/12/19",2019,Diciembre,Domingo
81220,"08/12/20",2020,Diciembre,Martes
81221,"08/12/21",2021,Diciembre,Miércoles
90119,"09/01/19",2019,Enero,Miércoles
90120,"09/01/20",2020,Enero,Jueves
90121,"09/01/21",2021,Enero,Sábado
90219,"09/02/19",2019,Febrero,Sábado
90220,"09/02/20",2020,Febrero,Domingo
90221,"09/02/21",2021,Febrero,martes
90319,"09/03/19",2019,Marzo,Sábado
90320,"09/03/20",2020,Marzo,Lunes
90321,"09/03/21",2021,Marzo,Martes
90419,"09/04/19",2019,Abril,Martes
90420,"09/04/20",2020,Abril,Jueves
90421,"09/04/21",2021,Abril,Viernes
90519,"09/05/19",2019,Mayo,Jueves
90520,"09/05/20",2020,Mayo,Sábado
90521,"09/05/21",2021,Mayo,Domingo
90619,"09/06/19",2019,Junio,Domingo
90620,"09/06/20",2020,Junio,Martes
90621,"09/06/21",2021,Junio,Miércoles
90719,"09/07/19",2019,Julio,Martes
90720,"09/07/20",2020,Julio,Jueves
90721,"09/07/21",2021,Julio,Viernes
90819,"09/08/19",2019,Agosto,Viernes
90820,"09/08/20",2020,Agosto,Domingo
90821,"09/08/21",2021,Agosto,Lunes
90919,"09/09/19",2019,Septiembre,Lunes
90920,"09/09/20",2020,Septiembre,Miércoles
90921,"09/09/21",2021,Septiembre,Jueves
91019,"09/10/19",2019,Octubre,Miércoles
91020,"09/10/20",2020,Octubre,Viernes
91021,"09/10/21",2021,Octubre,Sábado
91119,"09/11/19",2019,Noviembre,Sábado
91120,"09/11/20",2020,Noviembre,Lunes
91121,"09/11/21",2021,Noviembre,Martes
91219,"09/12/19",2019,Diciembre,Lunes
91220,"09/12/20",2020,Diciembre,Miércoles
91221,"09/12/21",2021,Diciembre,Jueves
100119,"10/01/19",2019,Enero,Jueves
100120,"10/01/20",2020,Enero,Viernes
100121,"10/01/21",2021,Enero,Domingo
100219,"10/02/19",2019,Febrero,Domingo
100220,"10/02/20",2020,Febrero,Lunes
100221,"10/02/21",2021,Febrero,Miércoles
100319,"10/03/19",2019,Marzo,Domingo
100320,"10/03/20",2020,Marzo,Martes
100321,"10/03/21",2021,Marzo,Miércoles
100419,"10/04/19",2019,Abril,Miércoles
100420,"10/04/20",2020,Abril,Viernes
100421,"10/04/21",2021,Abril,Sábado
100519,"10/05/19",2019,Mayo,Viernes
100520,"10/05/20",2020,Mayo,Domingo
100521,"10/05/21",2021,Mayo,Lunes
100619,"10/06/19",2019,Junio,Lunes
100620,"10/06/20",2020,Junio,Miércoles
100621,"10/06/21",2021,Junio,Jueves
100719,"10/07/19",2019,Julio,Miércoles
100720,"10/07/20",2020,Julio,Viernes
100721,"10/07/21",2021,Julio,Sábado
100819,"10/08/19",2019,Agosto,Sábado
100820,"10/08/20",2020,Agosto,Lunes
100821,"10/08/21",2021,Agosto,Martes
100919,"10/09/19",2019,Septiembre,Martes
100920,"10/09/20",2020,Septiembre,Jueves
100921,"10/09/21",2021,Septiembre,Viernes
101019,"10/10/19",2019,Octubre,Jueves
101020,"10/10/20",2020,Octubre,Sábado
101021,"10/10/21",2021,Octubre,Domingo
101119,"10/11/19",2019,Noviembre,Domingo
101120,"10/11/20",2020,Noviembre,Martes
101121,"10/11/21",2021,Noviembre,Miércoles
101219,"10/12/19",2019,Diciembre,Martes
101220,"10/12/20",2020,Diciembre,Jueves
101221,"10/12/21",2021,Diciembre,Viernes
110119,"11/01/19",2019,Enero,Viernes
110120,"11/01/20",2020,Enero,Sábado
110121,"11/01/21",2021,Enero,Lunes
110219,"11/02/19",2019,Febrero,Lunes
110220,"11/02/20",2020,Febrero,Martes
110221,"11/02/21",2021,Febrero,Jueves
110319,"11/03/19",2019,Marzo,Lunes
110320,"11/03/20",2020,Marzo,Miércoles
110321,"11/03/21",2021,Marzo,Jueves
110419,"11/04/19",2019,Abril,Jueves
110420,"11/04/20",2020,Abril,Sábado
110421,"11/04/21",2021,Abril,Domingo
110519,"11/05/19",2019,Mayo,Sábado
110520,"11/05/20",2020,Mayo,Lunes
110521,"11/05/21",2021,Mayo,Martes
110619,"11/06/19",2019,Junio,Martes
110620,"11/06/20",2020,Junio,Jueves
110621,"11/06/21",2021,Junio,Viernes
110719,"11/07/19",2019,Julio,Jueves
110720,"11/07/20",2020,Julio,Sábado
110721,"11/07/21",2021,Julio,Domingo
110819,"11/08/19",2019,Agosto,Domingo
110820,"11/08/20",2020,Agosto,Martes
110821,"11/08/21",2021,Agosto,Miércoles
110919,"11/09/19",2019,Septiembre,Miércoles
110920,"11/09/20",2020,Septiembre,Viernes
110921,"11/09/21",2021,Septiembre,Sábado
111019,"11/10/19",2019,Octubre,Viernes
111020,"11/10/20",2020,Octubre,Domingo
111021,"11/10/21",2021,Octubre,Lunes
111119,"11/11/19",2019,Noviembre,Lunes
111120,"11/11/20",2020,Noviembre,Miércoles
111121,"11/11/21",2021,Noviembre,Jueves
111219,"11/12/19",2019,Diciembre,Miércoles
111220,"11/12/20",2020,Diciembre,Viernes
111221,"11/12/21",2021,Diciembre,Sábado
120119,"12/01/19",2019,Enero,Sábado
120120,"12/01/20",2020,Enero,Domingo
120121,"12/01/21",2021,Enero,Martes
120219,"12/02/19",2019,Febrero,Martes
120220,"12/02/20",2020,Febrero,Miércoles
120221,"12/02/21",2021,Febrero,Viernes
120319,"12/03/19",2019,Marzo,Martes
120320,"12/03/20",2020,Marzo,Jueves
120321,"12/03/21",2021,Marzo,Viernes
120419,"12/04/19",2019,Abril,Viernes
120420,"12/04/20",2020,Abril,Domingo
120421,"12/04/21",2021,Abril,Lunes
120519,"12/05/19",2019,Mayo,Domingo
120520,"12/05/20",2020,Mayo,Martes
120521,"12/05/21",2021,Mayo,Miércoles
120619,"12/06/19",2019,Junio,Miércoles
120620,"12/06/20",2020,Junio,Viernes
120621,"12/06/21",2021,Junio,Sábado
120719,"12/07/19",2019,Julio,Viernes
120720,"12/07/20",2020,Julio,Domingo
120721,"12/07/21",2021,Julio,Lunes
120819,"12/08/19",2019,Agosto,Lunes
120820,"12/08/20",2020,Agosto,Miércoles
120821,"12/08/21",2021,Agosto,Jueves
120919,"12/09/19",2019,Septiembre,Jueves
120920,"12/09/20",2020,Septiembre,Lunes
120920,"12/09/20",2020,Septiembre,Sábado
120921,"12/09/21",2021,Septiembre,Domingo
121019,"12/10/19",2019,Octubre,Sábado
121020,"12/10/20",2020,Octubre,Lunes
121021,"12/10/21",2021,Octubre,Martes
121119,"12/11/19",2019,Noviembre,Martes
121120,"12/11/20",2020,Noviembre,Jueves
121121,"12/11/21",2021,Noviembre,Viernes
121219,"12/12/19",2019,Diciembre,Jueves
121220,"12/12/20",2020,Diciembre,Sábado
121221,"12/12/21",2021,Diciembre,Domingo
130119,"13/01/19",2019,Enero,Domingo
130120,"13/01/20",2020,Enero,Lunes
130121,"13/01/21",2021,Enero,Miércoles
130219,"13/02/19",2019,Febrero,Miércoles
130220,"13/02/20",2020,Febrero,Jueves
130221,"13/02/21",2021,Febrero,Sábado
130319,"13/03/19",2019,Marzo,Miércoles
130320,"13/03/20",2020,Marzo,Viernes
130321,"13/03/21",2021,Marzo,Sábado
130419,"13/04/19",2019,Abril,Sábado
130420,"13/04/20",2020,Abril,Lunes
130421,"13/04/21",2021,Abril,martes
130519,"13/05/19",2019,Mayo,Lunes
130520,"13/05/20",2020,Mayo,Miércoles
130521,"13/05/21",2021,Mayo,Jueves
130619,"13/06/19",2019,Junio,Jueves
130620,"13/06/20",2020,Junio,Sábado
130621,"13/06/21",2021,Junio,Domingo
130719,"13/07/19",2019,Julio,Sábado
130720,"13/07/20",2020,Julio,Lunes
130721,"13/07/21",2021,Julio,Martes
130819,"13/08/19",2019,Agosto,Martes
130820,"13/08/20",2020,Agosto,Jueves
130821,"13/08/21",2021,Agosto,Viernes
130919,"13/09/19",2019,Septiembre,Viernes
130920,"13/09/20",2020,Septiembre,Domingo
130921,"13/09/21",2021,Septiembre,lunes
131019,"13/10/19",2019,Octubre,Domingo
131020,"13/10/20",2020,Octubre,Martes
131021,"13/10/21",2021,Octubre,Miércoles
131119,"13/11/19",2019,Noviembre,Miércoles
131120,"13/11/20",2020,Noviembre,Viernes
131121,"13/11/21",2021,Noviembre,Sábado
131219,"13/12/19",2019,Diciembre,Viernes
131220,"13/12/20",2020,Diciembre,Domingo
131221,"13/12/21",2021,Diciembre,Lunes
140119,"14/01/19",2019,Enero,Lunes
140120,"14/01/20",2020,Enero,Martes
140121,"14/01/21",2021,Enero,Jueves
140219,"14/02/19",2019,Febrero,Jueves
140220,"14/02/20",2020,Febrero,Viernes
140221,"14/02/21",2021,Febrero,Domingo
140319,"14/03/19",2019,Marzo,Jueves
140320,"14/03/20",2020,Marzo,Sábado
140321,"14/03/21",2021,Marzo,Domingo
140419,"14/04/19",2019,Abril,Domingo
140420,"14/04/20",2020,Abril,Martes
140421,"14/04/21",2021,Abril,Miércoles
140519,"14/05/19",2019,Mayo,Martes
140520,"14/05/20",2020,Mayo,Jueves
140521,"14/05/21",2021,Mayo,Viernes
140619,"14/06/19",2019,Junio,Viernes
140620,"14/06/20",2020,Junio,Domingo
140621,"14/06/21",2021,Junio,Lunes
140719,"14/07/19",2019,Julio,Domingo
140720,"14/07/20",2020,Julio,Martes
140721,"14/07/21",2021,Julio,Miércoles
140819,"14/08/19",2019,Agosto,Miércoles
140820,"14/08/20",2020,Agosto,Viernes
140821,"14/08/21",2021,Agosto,Sábado
140919,"14/09/19",2019,Septiembre,Sábado
140920,"14/09/20",2020,Septiembre,Lunes
140921,"14/09/21",2021,Septiembre,Martes
141019,"14/10/19",2019,Octubre,Lunes
141020,"14/10/20",2020,Octubre,Miércoles
141021,"14/10/21",2021,Octubre,jueves
141119,"14/11/19",2019,Noviembre,Jueves
141120,"14/11/20",2020,Noviembre,Sábado
141121,"14/11/21",2021,Noviembre,domingo
141219,"14/12/19",2019,Diciembre,Sábado
141220,"14/12/20",2020,Diciembre,Lunes
141221,"14/12/21",2021,Diciembre,Martes
150119,"15/01/19",2019,Enero,Martes
150120,"15/01/20",2020,Enero,Miércoles
150121,"15/01/21",2021,Enero,Viernes
150219,"15/02/19",2019,Febrero,Viernes
150220,"15/02/20",2020,Febrero,Sábado
150221,"15/02/21",2021,Febrero,Lunes
150319,"15/03/19",2019,Marzo,Viernes
150320,"15/03/20",2020,Marzo,Domingo
150321,"15/03/21",2021,Marzo,Lunes
150419,"15/04/19",2019,Abril,Lunes
150420,"15/04/20",2020,Abril,Miércoles
150421,"15/04/21",2021,Abril,jueves
150519,"15/05/19",2019,Mayo,Miércoles
150520,"15/05/20",2020,Mayo,Viernes
150521,"15/05/21",2021,Mayo,Sábado
150619,"15/06/19",2019,Junio,Sábado
150620,"15/06/20",2020,Junio,Lunes
150621,"15/06/21",2021,Junio,Martes
150719,"15/07/19",2019,Julio,Lunes
150720,"15/07/20",2020,Julio,Miércoles
150721,"15/07/21",2021,Julio,Jueves
150819,"15/08/19",2019,Agosto,Jueves
150820,"15/08/20",2020,Agosto,Sábado
150821,"15/08/21",2021,Agosto,Domingo
150919,"15/09/19",2019,Septiembre,Domingo
150920,"15/09/20",2020,Septiembre,Martes
150921,"15/09/21",2021,Septiembre,Miércoles
151019,"15/10/19",2019,Octubre,Martes
151020,"15/10/20",2020,Octubre,Jueves
151021,"15/10/21",2021,Octubre,viernes
151119,"15/11/19",2019,Noviembre,Viernes
151120,"15/11/20",2020,Noviembre,Domingo
151121,"15/11/21",2021,Noviembre,lunes
151219,"15/12/19",2019,Diciembre,Domingo
151220,"15/12/20",2020,Diciembre,Martes
151221,"15/12/21",2021,Diciembre,Miércoles
160119,"16/01/19",2019,Enero,Miércoles
160120,"16/01/20",2020,Enero,Jueves
160121,"16/01/21",2021,Enero,Sábado
160219,"16/02/19",2019,Febrero,Sábado
160220,"16/02/20",2020,Febrero,Domingo
160221,"16/02/21",2021,Febrero,Martes
160319,"16/03/19",2019,Marzo,Sábado
160320,"16/03/20",2020,Marzo,Lunes
160321,"16/03/21",2021,Marzo,Martes
160419,"16/04/19",2019,Abril,Martes
160420,"16/04/20",2020,Abril,Jueves
160421,"16/04/21",2021,Abril,Viernes
160519,"16/05/19",2019,Mayo,Jueves
160520,"16/05/20",2020,Mayo,Sábado
160521,"16/05/21",2021,Mayo,Domingo
160619,"16/06/19",2019,Junio,Domingo
160620,"16/06/20",2020,Junio,Martes
160621,"16/06/21",2021,Junio,Miércoles
160719,"16/07/19",2019,Julio,Martes
160720,"16/07/20",2020,Julio,Jueves
160721,"16/07/21",2021,Julio,Viernes
160819,"16/08/19",2019,Agosto,Viernes
160820,"16/08/20",2020,Agosto,Domingo
160821,"16/08/21",2021,Agosto,Lunes
160919,"16/09/19",2019,Septiembre,Lunes
160920,"16/09/20",2020,Septiembre,Miércoles
160921,"16/09/21",2021,Septiembre,jueves
161019,"16/10/19",2019,Octubre,Miércoles
161020,"16/10/20",2020,Octubre,Viernes
161021,"16/10/21",2021,Octubre,Sábado
161119,"16/11/19",2019,Noviembre,Sábado
161120,"16/11/20",2020,Noviembre,Lunes
161121,"16/11/21",2021,Noviembre,Martes
161219,"16/12/19",2019,Diciembre,Lunes
161220,"16/12/20",2020,Diciembre,Miércoles
161221,"16/12/21",2021,Diciembre,jueves
170119,"17/01/19",2019,Enero,Jueves
170120,"17/01/20",2020,Enero,Viernes
170121,"17/01/21",2021,Enero,domingo
170219,"17/02/19",2019,Febrero,Domingo
170220,"17/02/20",2020,Febrero,Lunes
170221,"17/02/21",2021,Febrero,Miércoles
170319,"17/03/19",2019,Marzo,Domingo
170320,"17/03/20",2020,Marzo,Martes
170321,"17/03/21",2021,Marzo,Miércoles
170419,"17/04/19",2019,Abril,Miércoles
170420,"17/04/20",2020,Abril,Viernes
170421,"17/04/21",2021,Abril,Sábado
170519,"17/05/19",2019,Mayo,Viernes
170520,"17/05/20",2020,Mayo,Domingo
170521,"17/05/21",2021,Mayo,Lunes
170619,"17/06/19",2019,Junio,Lunes
170620,"17/06/20",2020,Junio,Miércoles
170621,"17/06/21",2021,Junio,Jueves
170719,"17/07/19",2019,Julio,Miércoles
170720,"17/07/20",2020,Julio,Viernes
170721,"17/07/21",2021,Julio,Sábado
170819,"17/08/19",2019,Agosto,Sábado
170820,"17/08/20",2020,Agosto,Lunes
170821,"17/08/21",2021,Agosto,Martes
170919,"17/09/19",2019,Septiembre,Martes
170920,"17/09/20",2020,Septiembre,Jueves
170921,"17/09/21",2021,Septiembre,viernes
171019,"17/10/19",2019,Octubre,Jueves
171020,"17/10/20",2020,Octubre,Sábado
171021,"17/10/21",2021,Octubre,Domingo
171119,"17/11/19",2019,Noviembre,Domingo
171120,"17/11/20",2020,Noviembre,Martes
171121,"17/11/21",2021,Noviembre,Miércoles
171219,"17/12/19",2019,Diciembre,Martes
171220,"17/12/20",2020,Diciembre,Jueves
171221,"17/12/21",2021,Diciembre,viernes
180119,"18/01/19",2019,Enero,Viernes
180120,"18/01/20",2020,Enero,Sábado
180121,"18/01/21",2021,Enero,Lunes
180219,"18/02/19",2019,Febrero,Lunes
180220,"18/02/20",2020,Febrero,Martes
180221,"18/02/21",2021,Febrero,jueves
180319,"18/03/19",2019,Marzo,Lunes
180320,"18/03/20",2020,Marzo,Miércoles
180321,"18/03/21",2021,Marzo,Jueves
180419,"18/04/19",2019,Abril,Jueves
180420,"18/04/20",2020,Abril,Sábado
180421,"18/04/21",2021,Abril,domingo
180519,"18/05/19",2019,Mayo,Sábado
180520,"18/05/20",2020,Mayo,Lunes
180521,"18/05/21",2021,Mayo,Martes
180619,"18/06/19",2019,Junio,Martes
180620,"18/06/20",2020,Junio,Jueves
180621,"18/06/21",2021,Junio,Viernes
180719,"18/07/19",2019,Julio,Jueves
180720,"18/07/20",2020,Julio,Sábado
180721,"18/07/21",2021,Julio,domingo
180819,"18/08/19",2019,Agosto,Domingo
180820,"18/08/20",2020,Agosto,Martes
180821,"18/08/21",2021,Agosto,Miércoles
180919,"18/09/19",2019,Septiembre,Miércoles
180920,"18/09/20",2020,Septiembre,Viernes
180921,"18/09/21",2021,Septiembre,Sábado
181019,"18/10/19",2019,Octubre,Viernes
181020,"18/10/20",2020,Octubre,Domingo
181021,"18/10/21",2021,Octubre,Lunes
181119,"18/11/19",2019,Noviembre,Lunes
181120,"18/11/20",2020,Noviembre,Miércoles
181121,"18/11/21",2021,Noviembre,Jueves
181219,"18/12/19",2019,Diciembre,Miércoles
181220,"18/12/20",2020,Diciembre,Viernes
181221,"18/12/21",2021,Diciembre,Sábado
190119,"19/01/19",2019,Enero,Sábado
190120,"19/01/20",2020,Enero,Domingo
190121,"19/01/21",2021,Enero,Martes
190219,"19/02/19",2019,Febrero,Martes
190220,"19/02/20",2020,Febrero,Miércoles
190221,"19/02/21",2021,Febrero,viernes
190319,"19/03/19",2019,Marzo,Martes
190320,"19/03/20",2020,Marzo,Jueves
190321,"19/03/21",2021,Marzo,Viernes
190419,"19/04/19",2019,Abril,Viernes
190420,"19/04/20",2020,Abril,Domingo
190421,"19/04/21",2021,Abril,Lunes
190519,"19/05/19",2019,Mayo,Domingo
190520,"19/05/20",2020,Mayo,Martes
190521,"19/05/21",2021,Mayo,Miércoles
190619,"19/06/19",2019,Junio,Miércoles
190620,"19/06/20",2020,Junio,Viernes
190621,"19/06/21",2021,Junio,Sábado
190719,"19/07/19",2019,Julio,Viernes
190720,"19/07/20",2020,Julio,Domingo
190721,"19/07/21",2021,Julio,lunes
190819,"19/08/19",2019,Agosto,Lunes
190820,"19/08/20",2020,Agosto,Miércoles
190821,"19/08/21",2021,Agosto,Jueves
190919,"19/09/19",2019,Septiembre,Jueves
190920,"19/09/20",2020,Septiembre,Sábado
190921,"19/09/21",2021,Septiembre,Domingo
191019,"19/10/19",2019,Octubre,Sábado
191020,"19/10/20",2020,Octubre,Lunes
191021,"19/10/21",2021,Octubre,Martes
191119,"19/11/19",2019,Noviembre,Martes
191120,"19/11/20",2020,Noviembre,Jueves
191121,"19/11/21",2021,Noviembre,viernes
191219,"19/12/19",2019,Diciembre,Jueves
191220,"19/12/20",2020,Diciembre,Sábado
191221,"19/12/21",2021,Diciembre,Domingo
200119,"20/01/19",2019,Enero,Domingo
200120,"20/01/20",2020,Enero,Lunes
200121,"20/01/21",2021,Enero,Miércoles
200219,"20/02/19",2019,Febrero,Miércoles
200220,"20/02/20",2020,Febrero,Jueves
200221,"20/02/21",2021,Febrero,Sábado
200319,"20/03/19",2019,Marzo,Miércoles
200320,"20/03/20",2020,Marzo,Viernes
200321,"20/03/21",2021,Marzo,Sábado
200419,"20/04/19",2019,Abril,Sábado
200420,"20/04/20",2020,Abril,Lunes
200421,"20/04/21",2021,Abril,Martes
200519,"20/05/19",2019,Mayo,Lunes
200520,"20/05/20",2020,Mayo,Miércoles
200521,"20/05/21",2021,Mayo,Jueves
200619,"20/06/19",2019,Junio,Jueves
200620,"20/06/20",2020,Junio,Sábado
200621,"20/06/21",2021,Junio,Domingo
200719,"20/07/19",2019,Julio,Sábado
200720,"20/07/20",2020,Julio,Lunes
200721,"20/07/21",2021,Julio,Martes
200819,"20/08/19",2019,Agosto,Martes
200820,"20/08/20",2020,Agosto,Jueves
200821,"20/08/21",2021,Agosto,Viernes
200919,"20/09/19",2019,Septiembre,Viernes
200920,"20/09/20",2020,Septiembre,Domingo
200921,"20/09/21",2021,Septiembre,Lunes
201019,"20/10/19",2019,Octubre,Domingo
201020,"20/10/20",2020,Octubre,Martes
201021,"20/10/21",2021,Octubre,Miércoles
201119,"20/11/19",2019,Noviembre,Miércoles
201120,"20/11/20",2020,Noviembre,Viernes
201121,"20/11/21",2021,Noviembre,Sábado
201219,"20/12/19",2019,Diciembre,Viernes
201220,"20/12/20",2020,Diciembre,Domingo
201221,"20/12/21",2021,Diciembre,Lunes
210119,"21/01/19",2019,Enero,Lunes
210120,"21/01/20",2020,Enero,Martes
210121,"21/01/21",2021,Enero,Jueves
210219,"21/02/19",2019,Febrero,Jueves
210220,"21/02/20",2020,Febrero,Viernes
210221,"21/02/21",2021,Febrero,Domingo
210319,"21/03/19",2019,Marzo,Jueves
210320,"21/03/20",2020,Marzo,Sábado
210321,"21/03/21",2021,Marzo,Domingo
210419,"21/04/19",2019,Abril,Domingo
210420,"21/04/20",2020,Abril,Martes
210421,"21/04/21",2021,Abril,Miércoles
210519,"21/05/19",2019,Mayo,Martes
210520,"21/05/20",2020,Mayo,Jueves
210521,"21/05/21",2021,Mayo,Viernes
210619,"21/06/19",2019,Junio,Viernes
210620,"21/06/20",2020,Junio,Domingo
210621,"21/06/21",2021,Junio,Lunes
210719,"21/07/19",2019,Julio,Domingo
210720,"21/07/20",2020,Julio,Martes
210721,"21/07/21",2021,Julio,Miércoles
210819,"21/08/19",2019,Agosto,Miércoles
210820,"21/08/20",2020,Agosto,Viernes
210821,"21/08/21",2021,Agosto,Sábado
210919,"21/09/19",2019,Septiembre,Sábado
210920,"21/09/20",2020,Septiembre,Lunes
210921,"21/09/21",2021,Septiembre,Martes
211019,"21/10/19",2019,Octubre,Lunes
211020,"21/10/20",2020,Octubre,Miércoles
211021,"21/10/21",2021,Octubre,Jueves
211119,"21/11/19",2019,Noviembre,Jueves
211120,"21/11/20",2020,Noviembre,Sábado
211121,"21/11/21",2021,Noviembre,domingo
211219,"21/12/19",2019,Diciembre,Sábado
211220,"21/12/20",2020,Diciembre,Lunes
211221,"21/12/21",2021,Diciembre,martes
220119,"22/01/19",2019,Enero,Martes
220120,"22/01/20",2020,Enero,Miércoles
220121,"22/01/21",2021,Enero,Viernes
220219,"22/02/19",2019,Febrero,Viernes
220220,"22/02/20",2020,Febrero,Sábado
220221,"22/02/21",2021,Febrero,lunes
220319,"22/03/19",2019,Marzo,Viernes
220320,"22/03/20",2020,Marzo,Domingo
220321,"22/03/21",2021,Marzo,Lunes
220419,"22/04/19",2019,Abril,Lunes
220420,"22/04/20",2020,Abril,Miércoles
220421,"22/04/21",2021,Abril,Jueves
220519,"22/05/19",2019,Mayo,Miércoles
220520,"22/05/20",2020,Mayo,Viernes
220521,"22/05/21",2021,Mayo,Sábado
220619,"22/06/19",2019,Junio,Sábado
220620,"22/06/20",2020,Junio,Lunes
220621,"22/06/21",2021,Junio,Martes
220719,"22/07/19",2019,Julio,Lunes
220720,"22/07/20",2020,Julio,Miércoles
220721,"22/07/21",2021,Julio,Jueves
220819,"22/08/19",2019,Agosto,Jueves
220820,"22/08/20",2020,Agosto,Sábado
220821,"22/08/21",2021,Agosto,Domingo
220919,"22/09/19",2019,Septiembre,Domingo
220920,"22/09/20",2020,Septiembre,Martes
220921,"22/09/21",2021,Septiembre,Miércoles
221019,"22/10/19",2019,Octubre,Martes
221020,"22/10/20",2020,Octubre,Jueves
221021,"22/10/21",2021,Octubre,Viernes
221119,"22/11/19",2019,Noviembre,Viernes
221120,"22/11/20",2020,Noviembre,Domingo
221121,"22/11/21",2021,Noviembre,Lunes
221219,"22/12/19",2019,Diciembre,Domingo
221220,"22/12/20",2020,Diciembre,Martes
221221,"22/12/21",2021,Diciembre,Miércoles
230119,"23/01/19",2019,Enero,Miércoles
230120,"23/01/20",2020,Enero,Jueves
230121,"23/01/21",2021,Enero,Sábado
230219,"23/02/19",2019,Febrero,Sábado
230220,"23/02/20",2020,Febrero,Domingo
230221,"23/02/21",2021,Febrero,Martes
230319,"23/03/19",2019,Marzo,Sábado
230320,"23/03/20",2020,Marzo,Lunes
230321,"23/03/21",2021,Marzo,Martes
230419,"23/04/19",2019,Abril,Martes
230420,"23/04/20",2020,Abril,Jueves
230421,"23/04/21",2021,Abril,Viernes
230519,"23/05/19",2019,Mayo,Jueves
230520,"23/05/20",2020,Mayo,Sábado
230521,"23/05/21",2021,Mayo,domingo
230619,"23/06/19",2019,Junio,Domingo
230620,"23/06/20",2020,Junio,Martes
230621,"23/06/21",2021,Junio,Miércoles
230719,"23/07/19",2019,Julio,Martes
230720,"23/07/20",2020,Julio,Jueves
230721,"23/07/21",2021,Julio,Viernes
230819,"23/08/19",2019,Agosto,Viernes
230820,"23/08/20",2020,Agosto,Domingo
230821,"23/08/21",2021,Agosto,Lunes
230919,"23/09/19",2019,Septiembre,Lunes
230920,"23/09/20",2020,Septiembre,Miércoles
230921,"23/09/21",2021,Septiembre,Jueves
231019,"23/10/19",2019,Octubre,Miércoles
231020,"23/10/20",2020,Octubre,Viernes
231021,"23/10/21",2021,Octubre,Sábado
231119,"23/11/19",2019,Noviembre,Sábado
231120,"23/11/20",2020,Noviembre,Lunes
231121,"23/11/21",2021,Noviembre,Martes
231219,"23/12/19",2019,Diciembre,Lunes
231220,"23/12/20",2020,Diciembre,Miércoles
231221,"23/12/21",2021,Diciembre,Jueves
240119,"24/01/19",2019,Enero,Jueves
240120,"24/01/20",2020,Enero,Viernes
240121,"24/01/21",2021,Enero,domingo
240219,"24/02/19",2019,Febrero,Domingo
240220,"24/02/20",2020,Febrero,Lunes
240221,"24/02/21",2021,Febrero,Miércoles
240319,"24/03/19",2019,Marzo,Domingo
240320,"24/03/20",2020,Marzo,Martes
240321,"24/03/21",2021,Marzo,Miércoles
240419,"24/04/19",2019,Abril,Miércoles
240420,"24/04/20",2020,Abril,Viernes
240421,"24/04/21",2021,Abril,Sábado
240519,"24/05/19",2019,Mayo,Viernes
240520,"24/05/20",2020,Mayo,Domingo
240521,"24/05/21",2021,Mayo,Lunes
240619,"24/06/19",2019,Junio,Lunes
240620,"24/06/20",2020,Junio,Miércoles
240621,"24/06/21",2021,Junio,Jueves
240719,"24/07/19",2019,Julio,Miércoles
240720,"24/07/20",2020,Julio,Viernes
240721,"24/07/21",2021,Julio,Sábado
240819,"24/08/19",2019,Agosto,Sábado
240820,"24/08/20",2020,Agosto,Lunes
240821,"24/08/21",2021,Agosto,Martes
240919,"24/09/19",2019,Septiembre,Martes
240920,"24/09/20",2020,Septiembre,Jueves
240921,"24/09/21",2021,Septiembre,Viernes
241019,"24/10/19",2019,Octubre,Jueves
241020,"24/10/20",2020,Octubre,Sábado
241021,"24/10/21",2021,Octubre,domingo
241119,"24/11/19",2019,Noviembre,Domingo
241120,"24/11/20",2020,Noviembre,Martes
241121,"24/11/21",2021,Noviembre,Miércoles
241219,"24/12/19",2019,Diciembre,Martes
241220,"24/12/20",2020,Diciembre,Jueves
241221,"24/12/21",2021,Diciembre,Viernes
250119,"25/01/19",2019,Enero,Viernes
250120,"25/01/20",2020,Enero,Sábado
250121,"25/01/21",2021,Enero,lunes
250219,"25/02/19",2019,Febrero,Lunes
250220,"25/02/20",2020,Febrero,Martes
250221,"25/02/21",2021,Febrero,jueves
250319,"25/03/19",2019,Marzo,Lunes
250320,"25/03/20",2020,Marzo,Miércoles
250321,"25/03/21",2021,Marzo,Jueves
250419,"25/04/19",2019,Abril,Jueves
250420,"25/04/20",2020,Abril,Sábado
250421,"25/04/21",2021,Abril,Domingo
250519,"25/05/19",2019,Mayo,Sábado
250520,"25/05/20",2020,Mayo,Lunes
250521,"25/05/21",2021,Mayo,Martes
250619,"25/06/19",2019,Junio,Martes
250620,"25/06/20",2020,Junio,Jueves
250621,"25/06/21",2021,Junio,Viernes
250719,"25/07/19",2019,Julio,Jueves
250720,"25/07/20",2020,Julio,Sábado
250721,"25/07/21",2021,Julio,domingo
250819,"25/08/19",2019,Agosto,Domingo
250820,"25/08/20",2020,Agosto,Martes
250821,"25/08/21",2021,Agosto,Miércoles
250919,"25/09/19",2019,Septiembre,Miércoles
250920,"25/09/20",2020,Septiembre,Viernes
250921,"25/09/21",2021,Septiembre,Sábado
251019,"25/10/19",2019,Octubre,Viernes
251020,"25/10/20",2020,Octubre,Domingo
251021,"25/10/21",2021,Octubre,Lunes
251119,"25/11/19",2019,Noviembre,Lunes
251120,"25/11/20",2020,Noviembre,Miércoles
251121,"25/11/21",2021,Noviembre,Jueves
251219,"25/12/19",2019,Diciembre,Miércoles
251220,"25/12/20",2020,Diciembre,Viernes
251221,"25/12/21",2021,Diciembre,Sábado
260119,"26/01/19",2019,Enero,Sábado
260120,"26/01/20",2020,Enero,Domingo
260121,"26/01/21",2021,Enero,martes
260219,"26/02/19",2019,Febrero,Martes
260220,"26/02/20",2020,Febrero,Miércoles
260221,"26/02/21",2021,Febrero,Viernes
260319,"26/03/19",2019,Marzo,Martes
260320,"26/03/20",2020,Marzo,Jueves
260321,"26/03/21",2021,Marzo,Viernes
260419,"26/04/19",2019,Abril,Viernes
260420,"26/04/20",2020,Abril,Domingo
260421,"26/04/21",2021,Abril,Lunes
260519,"26/05/19",2019,Mayo,Domingo
260520,"26/05/20",2020,Mayo,Martes
260521,"26/05/21",2021,Mayo,Miércoles
260619,"26/06/19",2019,Junio,Miércoles
260620,"26/06/20",2020,Junio,Viernes
260621,"26/06/21",2021,Junio,Sábado
260719,"26/07/19",2019,Julio,Viernes
260720,"26/07/20",2020,Julio,Domingo
260721,"26/07/21",2021,Julio,Lunes
260819,"26/08/19",2019,Agosto,Lunes
260820,"26/08/20",2020,Agosto,Miércoles
260821,"26/08/21",2021,Agosto,jueves
260919,"26/09/19",2019,Septiembre,Jueves
260920,"26/09/20",2020,Septiembre,Sábado
260921,"26/09/21",2021,Septiembre,domingo
261019,"26/10/19",2019,Octubre,Sábado
261020,"26/10/20",2020,Octubre,Lunes
261021,"26/10/21",2021,Octubre,martes
261119,"26/11/19",2019,Noviembre,Martes
261120,"26/11/20",2020,Noviembre,Jueves
261121,"26/11/21",2021,Noviembre,Viernes
261219,"26/12/19",2019,Diciembre,Jueves
261220,"26/12/20",2020,Diciembre,Sábado
261221,"26/12/21",2021,Diciembre,domingo
270119,"27/01/19",2019,Enero,Domingo
270120,"27/01/20",2020,Enero,Lunes
270121,"27/01/21",2021,Enero,Miércoles
270219,"27/02/19",2019,Febrero,Miércoles
270220,"27/02/20",2020,Febrero,Jueves
270221,"27/02/21",2021,Febrero,Sábado
270319,"27/03/19",2019,Marzo,Miércoles
270320,"27/03/20",2020,Marzo,Viernes
270321,"27/03/21",2021,Marzo,Sábado
270419,"27/04/19",2019,Abril,Sábado
270420,"27/04/20",2020,Abril,Lunes
270421,"27/04/21",2021,Abril,Martes
270519,"27/05/19",2019,Mayo,Lunes
270520,"27/05/20",2020,Mayo,Miércoles
270521,"27/05/21",2021,Mayo,jueves
270619,"27/06/19",2019,Junio,Jueves
270620,"27/06/20",2020,Junio,Sábado
270621,"27/06/21",2021,Junio,Domingo
270719,"27/07/19",2019,Julio,Sábado
270720,"27/07/20",2020,Julio,Lunes
270721,"27/07/21",2021,Julio,Martes
270819,"27/08/19",2019,Agosto,Martes
270820,"27/08/20",2020,Agosto,Jueves
270821,"27/08/21",2021,Agosto,Viernes
270919,"27/09/19",2019,Septiembre,Viernes
270920,"27/09/20",2020,Septiembre,Domingo
270921,"27/09/21",2021,Septiembre,Lunes
271019,"27/10/19",2019,Octubre,Domingo
271020,"27/10/20",2020,Octubre,Martes
271021,"27/10/21",2021,Octubre,Miércoles
271119,"27/11/19",2019,Noviembre,Miércoles
271120,"27/11/20",2020,Noviembre,Viernes
271121,"27/11/21",2021,Noviembre,Sábado
271219,"27/12/19",2019,Diciembre,Viernes
271220,"27/12/20",2020,Diciembre,Domingo
271221,"27/12/21",2021,Diciembre,Lunes
280119,"28/01/19",2019,Enero,Lunes
280120,"28/01/20",2020,Enero,Martes
280121,"28/01/21",2021,Enero,jueves
280219,"28/02/19",2019,Febrero,Jueves
280220,"28/02/20",2020,Febrero,Viernes
280221,"28/02/21",2021,Febrero,Domingo
280319,"28/03/19",2019,Marzo,Jueves
280320,"28/03/20",2020,Marzo,Sábado
280321,"28/03/21",2021,Marzo,Domingo
280419,"28/04/19",2019,Abril,Domingo
280420,"28/04/20",2020,Abril,Martes
280421,"28/04/21",2021,Abril,Miércoles
280519,"28/05/19",2019,Mayo,Martes
280520,"28/05/20",2020,Mayo,Jueves
280521,"28/05/21",2021,Mayo,Viernes
280619,"28/06/19",2019,Junio,Viernes
280620,"28/06/20",2020,Junio,Domingo
280621,"28/06/21",2021,Junio,Lunes
280719,"28/07/19",2019,Julio,Domingo
280720,"28/07/20",2020,Julio,Martes
280721,"28/07/21",2021,Julio,Miércoles
280819,"28/08/19",2019,Agosto,Miércoles
280820,"28/08/20",2020,Agosto,Viernes
280821,"28/08/21",2021,Agosto,Sábado
280919,"28/09/19",2019,Septiembre,Sábado
280920,"28/09/20",2020,Septiembre,Lunes
280921,"28/09/21",2021,Septiembre,martes
281019,"28/10/19",2019,Octubre,Lunes
281020,"28/10/20",2020,Octubre,Miércoles
281021,"28/10/21",2021,Octubre,Jueves
281119,"28/11/19",2019,Noviembre,Jueves
281120,"28/11/20",2020,Noviembre,Sábado
281121,"28/11/21",2021,Noviembre,domingo
281219,"28/12/19",2019,Diciembre,Sábado
281220,"28/12/20",2020,Diciembre,Lunes
281221,"28/12/21",2021,Diciembre,Martes
290119,"29/01/19",2019,Enero,Martes
290120,"29/01/20",2020,Enero,Miércoles
290121,"29/01/21",2021,Enero,Viernes
290220,"29/02/20",2020,Febrero,Sábado
290319,"29/03/19",2019,Marzo,Viernes
290320,"29/03/20",2020,Marzo,Domingo
290321,"29/03/21",2021,Marzo,Lunes
290419,"29/04/19",2019,Abril,Lunes
290420,"29/04/20",2020,Abril,Miércoles
290421,"29/04/21",2021,Abril,Jueves
290519,"29/05/19",2019,Mayo,Miércoles
290520,"29/05/20",2020,Mayo,Viernes
290521,"29/05/21",2021,Mayo,Sábado
290619,"29/06/19",2019,Junio,Sábado
290620,"29/06/20",2020,Junio,Lunes
290621,"29/06/21",2021,Junio,Martes
290719,"29/07/19",2019,Julio,Lunes
290720,"29/07/20",2020,Julio,Miércoles
290721,"29/07/21",2021,Julio,Jueves
290819,"29/08/19",2019,Agosto,Jueves
290820,"29/08/20",2020,Agosto,Sábado
290821,"29/08/21",2021,Agosto,Domingo
290919,"29/09/19",2019,Septiembre,Domingo
290920,"29/09/20",2020,Septiembre,Martes
290921,"29/09/21",2021,Septiembre,Miércoles
291019,"29/10/19",2019,Octubre,Martes
291020,"29/10/20",2020,Octubre,Jueves
291021,"29/10/21",2021,Octubre,Viernes
291119,"29/11/19",2019,Noviembre,Viernes
291120,"29/11/20",2020,Noviembre,Domingo
291121,"29/11/21",2021,Noviembre,Lunes
291219,"29/12/19",2019,Diciembre,Domingo
291220,"29/12/20",2020,Diciembre,Martes
291221,"29/12/21",2021,Diciembre,Miércoles
300119,"30/01/19",2019,Enero,Miércoles
300120,"30/01/20",2020,Enero,Jueves
300121,"30/01/21",2021,Enero,Sábado
300319,"30/03/19",2019,Marzo,Sábado
300320,"30/03/20",2020,Marzo,Lunes
300321,"30/03/21",2021,Marzo,Martes
300419,"30/04/19",2019,Abril,Martes
300420,"30/04/20",2020,Abril,Jueves
300421,"30/04/21",2021,Abril,Viernes
300519,"30/05/19",2019,Mayo,Jueves
300520,"30/05/20",2020,Mayo,Sábado
300521,"30/05/21",2021,Mayo,Domingo
300619,"30/06/19",2019,Junio,Domingo
300620,"30/06/20",2020,Junio,Martes
300621,"30/06/21",2021,Junio,Miércoles
300719,"30/07/19",2019,Julio,Martes
300720,"30/07/20",2020,Julio,Jueves
300721,"30/07/21",2021,Julio,viernes
300819,"30/08/19",2019,Agosto,Viernes
300820,"30/08/20",2020,Agosto,Domingo
300821,"30/08/21",2021,Agosto,Lunes
300919,"30/09/19",2019,Septiembre,Lunes
300920,"30/09/20",2020,Septiembre,Miércoles
300921,"30/09/21",2021,Septiembre,Jueves
301019,"30/10/19",2019,Octubre,Miércoles
301020,"30/10/20",2020,Octubre,Viernes
301021,"30/10/21",2021,Octubre,Sábado
301119,"30/11/19",2019,Noviembre,Sábado
301120,"30/11/20",2020,Noviembre,Lunes
301121,"30/11/21",2021,Noviembre,Martes
301219,"30/12/19",2019,Diciembre,Lunes
301220,"30/12/20",2020,Diciembre,Miércoles
301221,"30/12/21",2021,Diciembre,jueves
310119,"31/01/19",2019,Enero,Jueves
310120,"31/01/20",2020,Enero,Viernes
310121,"31/01/21",2021,Enero,Domingo
310319,"31/03/19",2019,Marzo,Domingo
310320,"31/03/20",2020,Marzo,Martes
310321,"31/03/21",2021,Marzo,Miércoles
310519,"31/05/19",2019,Mayo,Viernes
310520,"31/05/20",2020,Mayo,Domingo
310521,"31/05/21",2021,Mayo,Lunes
310719,"31/07/19",2019,Julio,Miércoles
310720,"31/07/20",2020,Julio,Viernes
310721,"31/07/21",2021,Julio,Sábado
310819,"31/08/19",2019,Agosto,Sábado
310820,"31/08/20",2020,Agosto,Lunes
310821,"31/08/21",2021,Agosto,Martes
311019,"31/10/19",2019,Octubre,Jueves
311020,"31/10/20",2020,Octubre,Sábado
311021,"31/10/21",2021,Octubre,Domingo
311219,"31/12/19",2019,Diciembre,Martes
311220,"31/12/20",2020,Diciembre,Jueves
311221,"31/12/21",2021,Diciembre,viernes
